{
    "CallerReference": "didlionswin-1725025800",
    "Aliases": {
        "Quantity": 0
    },
    "DefaultRootObject": "index.html",
    "Comment": "CloudFront distribution for didlionswin static site",
    "Enabled": true,
    "Origins": {
        "Quantity": 1,
        "Items": [
            {
                "Id": "didlionswin-static-20250829-origin",
                "DomainName": "didlionswin-static-20250829.s3-website-us-east-1.amazonaws.com",
                "CustomOriginConfig": {
                    "HTTPPort": 80,
                    "HTTPSPort": 443,
                    "OriginProtocolPolicy": "http-only"
                }
            }
        ]
    },
    "DefaultCacheBehavior": {
        "TargetOriginId": "didlionswin-static-20250829-origin",
        "ViewerProtocolPolicy": "redirect-to-https",
        "TrustedSigners": {
            "Enabled": false,
            "Quantity": 0
        },
        "ForwardedValues": {
            "QueryString": false,
            "Cookies": {
                "Forward": "none"
            }
        },
        "MinTTL": 0,
        "DefaultTTL": 3600,
        "MaxTTL": 31536000
    },
    "CustomErrorResponses": {
        "Quantity": 1,
        "Items": [
            {
                "ErrorCode": 404,
                "ResponsePagePath": "/404.html",
                "ResponseCode": "404",
                "ErrorCachingMinTTL": 300
            }
        ]
    },
    "PriceClass": "PriceClass_100"
}
